{
  "model_name": "google/muril-base-cased",
  "epochs": 3,
  "losses": [
    2.0292742252349854,
    1.9225138425827026,
    1.8493156433105469,
    2.0081746578216553,
    1.978918194770813,
    1.900193214416504,
    2.0033371448516846,
    2.0652599334716797,
    1.9871525764465332,
    1.9307740926742554,
    1.9704424142837524,
    2.0615503787994385,
    1.8214218616485596,
    1.860457420349121,
    1.9365345239639282,
    1.914617896080017,
    1.9805750846862793,
    1.889946460723877,
    1.953641414642334,
    1.951130986213684,
    1.9700502157211304,
    1.958632469177246,
    1.8581851720809937,
    1.9973264932632446,
    1.9797791242599487,
    1.8092625141143799,
    1.8862690925598145,
    1.8849225044250488,
    1.7965437173843384,
    1.8839120864868164
  ],
  "mean_loss": 1.9346705118815104,
  "training_time_seconds": 0.10834693908691406,
  "evaluation": {
    "accuracy": 0.225,
    "roc_auc": 0.45833333333333337
  }
}