{
  "raw": {
    "ece": 0.1663539188153319,
    "brier_score": 0.10465944874202417
  },
  "platt": {
    "ece": 0.028901958215056166,
    "brier_score": 0.07387004143718569
  },
  "isotonic": {
    "ece": 5.598299601672352e-17,
    "brier_score": 0.06895475918350892
  }
}