{
  "TF-IDF + SVM": {
    "accuracy": 0.9975,
    "precision": 0.9951573849878935,
    "recall": 0.9959183673469388,
    "f1_score": 0.9954665524380667
  }
}