{
  "model_name": "google/muril-base-cased",
  "epochs": 1,
  "losses": [
    1.7917587757110596,
    1.788252830505371,
    1.7659997940063477,
    1.7958958148956299,
    1.7949047088623047,
    1.770026683807373,
    1.801372766494751,
    1.7985000610351562,
    1.8174577951431274,
    1.8055310249328613
  ],
  "mean_loss": 1.792970025539398,
  "training_time_seconds": 0.19551825523376465,
  "evaluation": {
    "accuracy": 0.2,
    "roc_auc": 0.380952380952381
  }
}