{
  "model_name": "ai4bharat/indicbert",
  "epochs": 1,
  "losses": [
    1.7885375022888184,
    1.7808244228363037,
    1.7979155778884888,
    1.7972502708435059,
    1.7758409976959229,
    1.7934443950653076,
    1.754838466644287,
    1.827096939086914,
    1.8230676651000977,
    1.8105655908584595
  ],
  "mean_loss": 1.7949381828308106,
  "training_time_seconds": 0.09003376960754395,
  "evaluation": {
    "accuracy": 0.2,
    "roc_auc": 0.4523809523809524
  }
}