{
  "model_name": "ai4bharat/indicbert",
  "epochs": 3,
  "losses": [
    1.9933884143829346,
    1.9979443550109863,
    1.9979560375213623,
    1.8732752799987793,
    1.8787782192230225,
    1.924980878829956,
    1.8946797847747803,
    1.960702657699585,
    1.920522928237915,
    2.019547939300537,
    1.896345615386963,
    1.89801824092865,
    1.8881661891937256,
    1.893031120300293,
    1.8491086959838867,
    1.8848387002944946,
    1.9896235466003418,
    1.9593281745910645,
    1.9304876327514648,
    1.941162347793579,
    1.977083444595337,
    1.8770623207092285,
    1.9307570457458496,
    1.840484380722046,
    1.8575379848480225,
    1.870579719543457,
    1.91592538356781,
    1.888251781463623,
    1.8377763032913208,
    1.844285011291504
  ],
  "mean_loss": 1.9143876711527505,
  "training_time_seconds": 0.04528093338012695,
  "evaluation": {
    "accuracy": 0.15,
    "roc_auc": 0.1736111111111111
  }
}